"track.name","danceability","energy","key","loudness","mode","speechiness","acousticness","instrumentalness","liveness","valence","tempo","type","id","uri","track_href","analysis_url","duration_ms","time_signature","name"
"wtf",0.714,0.567,6,-10.738,1,0.0325,0.0496,0.000115,0.0586,0.954,127.972,"audio_features","3OYSWIgKXiwjutuQ4NEk1b","spotify:track:3OYSWIgKXiwjutuQ4NEk1b","https://api.spotify.com/v1/tracks/3OYSWIgKXiwjutuQ4NEk1b","https://api.spotify.com/v1/audio-analysis/3OYSWIgKXiwjutuQ4NEk1b",72187,4,"linus"
"I Don't Know",0.673,0.739,1,-7.529,1,0.0266,0.0115,0.0162,0.371,0.961,111.968,"audio_features","56PgQIFxAvXcEtXNYrsB0w","spotify:track:56PgQIFxAvXcEtXNYrsB0w","https://api.spotify.com/v1/tracks/56PgQIFxAvXcEtXNYrsB0w","https://api.spotify.com/v1/audio-analysis/56PgQIFxAvXcEtXNYrsB0w",195045,4,"linus"
"circle the drain",0.482,0.79,9,-5.221,1,0.038,0.303,0.00028,0.1,0.47,169.064,"audio_features","2drtd6SptpMJ1KylMQ7mrE","spotify:track:2drtd6SptpMJ1KylMQ7mrE","https://api.spotify.com/v1/tracks/2drtd6SptpMJ1KylMQ7mrE","https://api.spotify.com/v1/audio-analysis/2drtd6SptpMJ1KylMQ7mrE",280213,4,"linus"
"Can You Tell",0.556,0.829,9,-5.9,1,0.0394,0.000986,6.91e-06,0.355,0.579,143.96,"audio_features","6DVAKtlNBXDRjtoMAwoyCI","spotify:track:6DVAKtlNBXDRjtoMAwoyCI","https://api.spotify.com/v1/tracks/6DVAKtlNBXDRjtoMAwoyCI","https://api.spotify.com/v1/audio-analysis/6DVAKtlNBXDRjtoMAwoyCI",162813,4,"linus"
"Boy",0.579,0.861,2,-5.542,1,0.0468,0.0364,0.00796,0.403,0.78,161.954,"audio_features","6y3wFB95BBd1BMZ1pYWmfa","spotify:track:6y3wFB95BBd1BMZ1pYWmfa","https://api.spotify.com/v1/tracks/6y3wFB95BBd1BMZ1pYWmfa","https://api.spotify.com/v1/audio-analysis/6y3wFB95BBd1BMZ1pYWmfa",190907,4,"linus"
"Like A Blade Of Grass",0.891,0.489,5,-8.14,0,0.135,0.037,2.12e-05,0.0899,0.794,93.515,"audio_features","22xea6Z2a8BbyVeCksSBX9","spotify:track:22xea6Z2a8BbyVeCksSBX9","https://api.spotify.com/v1/tracks/22xea6Z2a8BbyVeCksSBX9","https://api.spotify.com/v1/audio-analysis/22xea6Z2a8BbyVeCksSBX9",126218,4,"linus"
"I Got A Shot",0.973,0.433,3,-6.605,0,0.0892,0.0784,0,0.0753,0.933,120.055,"audio_features","5hNsSrWcClSp0tg4Jdd4UY","spotify:track:5hNsSrWcClSp0tg4Jdd4UY","https://api.spotify.com/v1/tracks/5hNsSrWcClSp0tg4Jdd4UY","https://api.spotify.com/v1/audio-analysis/5hNsSrWcClSp0tg4Jdd4UY",138782,4,"linus"
"Spoiled Brat",0.896,0.457,1,-7.432,1,0.195,0.158,0.000109,0.0994,0.504,129.966,"audio_features","4eoxoPILgW7rIKHpGmnYIc","spotify:track:4eoxoPILgW7rIKHpGmnYIc","https://api.spotify.com/v1/tracks/4eoxoPILgW7rIKHpGmnYIc","https://api.spotify.com/v1/audio-analysis/4eoxoPILgW7rIKHpGmnYIc",119959,3,"linus"
"Far Away (feat. A$AP Rocky)",0.687,0.584,6,-7.336,0,0.0422,0.222,0.00114,0.12,0.228,88.025,"audio_features","14qNHvX8h6HoynFuV0RxWS","spotify:track:14qNHvX8h6HoynFuV0RxWS","https://api.spotify.com/v1/tracks/14qNHvX8h6HoynFuV0RxWS","https://api.spotify.com/v1/audio-analysis/14qNHvX8h6HoynFuV0RxWS",199427,4,"linus"
"OK",0.72,0.625,7,-6.274,1,0.0362,0.0112,0.0076,0.0999,0.818,102.006,"audio_features","0APAKxMXB7jdDs4kw1l30y","spotify:track:0APAKxMXB7jdDs4kw1l30y","https://api.spotify.com/v1/tracks/0APAKxMXB7jdDs4kw1l30y","https://api.spotify.com/v1/audio-analysis/0APAKxMXB7jdDs4kw1l30y",193293,4,"linus"
"Pictures of Girls",0.443,0.819,6,-5.502,1,0.0322,0.000248,0.00759,0.0802,0.494,154.958,"audio_features","415dK4glwDO7fXxYg3np8B","spotify:track:415dK4glwDO7fXxYg3np8B","https://api.spotify.com/v1/tracks/415dK4glwDO7fXxYg3np8B","https://api.spotify.com/v1/audio-analysis/415dK4glwDO7fXxYg3np8B",204667,4,"linus"
"Bad Decisions",0.374,0.922,0,-3.4,1,0.056,0.0135,0.204,0.28,0.393,153.217,"audio_features","55N8cxpE1QDoeaaNqUnoZ2","spotify:track:55N8cxpE1QDoeaaNqUnoZ2","https://api.spotify.com/v1/tracks/55N8cxpE1QDoeaaNqUnoZ2","https://api.spotify.com/v1/audio-analysis/55N8cxpE1QDoeaaNqUnoZ2",293360,4,"linus"
"Salad Days",0.431,0.771,5,-7.176,1,0.0375,0.0877,0.0214,0.121,0.772,201.002,"audio_features","5VdaMUzoQetwxQwtWAd022","spotify:track:5VdaMUzoQetwxQwtWAd022","https://api.spotify.com/v1/tracks/5VdaMUzoQetwxQwtWAd022","https://api.spotify.com/v1/audio-analysis/5VdaMUzoQetwxQwtWAd022",145893,4,"linus"
"Lovers Rock",0.559,0.871,5,-5.338,0,0.0397,7.53e-06,0.00545,0.096,0.572,104.97,"audio_features","6dBUzqjtbnIa1TwYbyw5CM","spotify:track:6dBUzqjtbnIa1TwYbyw5CM","https://api.spotify.com/v1/tracks/6dBUzqjtbnIa1TwYbyw5CM","https://api.spotify.com/v1/audio-analysis/6dBUzqjtbnIa1TwYbyw5CM",213920,4,"linus"
"End of Beginning",0.689,0.454,2,-7.643,1,0.0584,0.0351,0.00259,0.0707,0.912,159.982,"audio_features","3qhlB30KknSejmIvZZLjOD","spotify:track:3qhlB30KknSejmIvZZLjOD","https://api.spotify.com/v1/tracks/3qhlB30KknSejmIvZZLjOD","https://api.spotify.com/v1/audio-analysis/3qhlB30KknSejmIvZZLjOD",159246,4,"linus"
"4EVER",0.75,0.585,9,-7.576,0,0.0285,0.049,0.00552,0.155,0.584,102.331,"audio_features","5mIOsPuQdXchVY0jB5NO9Q","spotify:track:5mIOsPuQdXchVY0jB5NO9Q","https://api.spotify.com/v1/tracks/5mIOsPuQdXchVY0jB5NO9Q","https://api.spotify.com/v1/audio-analysis/5mIOsPuQdXchVY0jB5NO9Q",159595,4,"linus"
"So Young",0.671,0.445,4,-7.842,0,0.0291,0.348,5.93e-05,0.155,0.811,75.996,"audio_features","4SNtyKNyYJ8ERT7YLlnFBr","spotify:track:4SNtyKNyYJ8ERT7YLlnFBr","https://api.spotify.com/v1/tracks/4SNtyKNyYJ8ERT7YLlnFBr","https://api.spotify.com/v1/audio-analysis/4SNtyKNyYJ8ERT7YLlnFBr",246480,4,"linus"
"It's Called: Freefall",0.744,0.516,2,-6.365,1,0.0513,0.632,0,0.605,0.281,97.944,"audio_features","474uVhyGgK5MtY9gMcDgGl","spotify:track:474uVhyGgK5MtY9gMcDgGl","https://api.spotify.com/v1/tracks/474uVhyGgK5MtY9gMcDgGl","https://api.spotify.com/v1/audio-analysis/474uVhyGgK5MtY9gMcDgGl",152293,4,"linus"
"i was all over her",0.529,0.353,7,-12.835,1,0.0292,0.788,0.853,0.116,0.0601,104.557,"audio_features","7svpAkwc6xaSxlbZ7V7JiS","spotify:track:7svpAkwc6xaSxlbZ7V7JiS","https://api.spotify.com/v1/tracks/7svpAkwc6xaSxlbZ7V7JiS","https://api.spotify.com/v1/audio-analysis/7svpAkwc6xaSxlbZ7V7JiS",161463,4,"linus"
"Magazine",0.727,0.656,1,-7.078,1,0.322,0.076,0,0.0778,0.24,155.193,"audio_features","3buQGKqVsWEaYibrbViaCx","spotify:track:3buQGKqVsWEaYibrbViaCx","https://api.spotify.com/v1/tracks/3buQGKqVsWEaYibrbViaCx","https://api.spotify.com/v1/audio-analysis/3buQGKqVsWEaYibrbViaCx",179613,4,"linus"
"Ice Cream",0.943,0.625,11,-7.925,0,0.299,0.4,0,0.138,0.321,110.08,"audio_features","05YWwf91PR4BxqxAXZGjSa","spotify:track:05YWwf91PR4BxqxAXZGjSa","https://api.spotify.com/v1/tracks/05YWwf91PR4BxqxAXZGjSa","https://api.spotify.com/v1/audio-analysis/05YWwf91PR4BxqxAXZGjSa",157091,4,"linus"
"Home",0.573,0.636,6,-4.493,1,0.0301,0.0299,0.0998,0.116,0.156,77.005,"audio_features","68mOSKT4uBkKddEAhlMO61","spotify:track:68mOSKT4uBkKddEAhlMO61","https://api.spotify.com/v1/tracks/68mOSKT4uBkKddEAhlMO61","https://api.spotify.com/v1/audio-analysis/68mOSKT4uBkKddEAhlMO61",157486,4,"linus"
"Mother Nature",0.425,0.738,6,-5.493,1,0.0301,0.149,5.32e-05,0.0618,0.434,81.455,"audio_features","3kC6EmjBbLcnv1aAsAEGPP","spotify:track:3kC6EmjBbLcnv1aAsAEGPP","https://api.spotify.com/v1/tracks/3kC6EmjBbLcnv1aAsAEGPP","https://api.spotify.com/v1/audio-analysis/3kC6EmjBbLcnv1aAsAEGPP",236427,4,"linus"
"Anti-Hero",0.637,0.643,4,-6.571,1,0.0519,0.13,1.8e-06,0.142,0.533,97.008,"audio_features","0V3wPSX9ygBnCm8psDIegu","spotify:track:0V3wPSX9ygBnCm8psDIegu","https://api.spotify.com/v1/tracks/0V3wPSX9ygBnCm8psDIegu","https://api.spotify.com/v1/audio-analysis/0V3wPSX9ygBnCm8psDIegu",200690,4,"linus"
"Honey",0.637,0.517,6,-9.482,1,0.0282,0.351,6.86e-05,0.267,0.522,145.033,"audio_features","3d86YYHRKkUzc9gGbSq1MB","spotify:track:3d86YYHRKkUzc9gGbSq1MB","https://api.spotify.com/v1/tracks/3d86YYHRKkUzc9gGbSq1MB","https://api.spotify.com/v1/audio-analysis/3d86YYHRKkUzc9gGbSq1MB",268147,4,"linus"
"Oysters In My Pocket",0.598,0.924,6,-4.974,0,0.0623,0.0205,0.799,0.17,0.611,168.017,"audio_features","2B664ulJSVBd6B8SAY3Wux","spotify:track:2B664ulJSVBd6B8SAY3Wux","https://api.spotify.com/v1/tracks/2B664ulJSVBd6B8SAY3Wux","https://api.spotify.com/v1/audio-analysis/2B664ulJSVBd6B8SAY3Wux",162339,4,"linus"
"Sofa King",0.565,0.898,0,-5.055,1,0.0412,0.00491,0.00296,0.254,0.864,97.021,"audio_features","25HgUJf69zb3K7TJw7LGCQ","spotify:track:25HgUJf69zb3K7TJw7LGCQ","https://api.spotify.com/v1/tracks/25HgUJf69zb3K7TJw7LGCQ","https://api.spotify.com/v1/audio-analysis/25HgUJf69zb3K7TJw7LGCQ",196317,4,"linus"
"Siddhartha",0.507,0.615,4,-10.022,1,0.0486,0.0349,0,0.0866,0.662,157.902,"audio_features","2u6XqQH1dlY8C5uQhTf4Js","spotify:track:2u6XqQH1dlY8C5uQhTf4Js","https://api.spotify.com/v1/tracks/2u6XqQH1dlY8C5uQhTf4Js","https://api.spotify.com/v1/audio-analysis/2u6XqQH1dlY8C5uQhTf4Js",168651,4,"linus"
"Me and Michael",0.628,0.841,9,-4.583,1,0.0268,0.0285,0.00332,0.254,0.706,111.985,"audio_features","0t4z0WaQomQqPONghWn8c2","spotify:track:0t4z0WaQomQqPONghWn8c2","https://api.spotify.com/v1/tracks/0t4z0WaQomQqPONghWn8c2","https://api.spotify.com/v1/audio-analysis/0t4z0WaQomQqPONghWn8c2",289853,4,"linus"
"The Physical Attractions",0.363,0.499,5,-10.099,0,0.0335,0.00163,0.522,0.123,0.532,137.804,"audio_features","2TeYAizye4GlmzQq5zyf91","spotify:track:2TeYAizye4GlmzQq5zyf91","https://api.spotify.com/v1/tracks/2TeYAizye4GlmzQq5zyf91","https://api.spotify.com/v1/audio-analysis/2TeYAizye4GlmzQq5zyf91",284770,4,"linus"
"Sundown Syndrome",0.2,0.725,8,-4.88,0,0.0377,0.0952,0.494,0.135,0.326,69.075,"audio_features","3ZuT0Evo8chdVM6rPXXqgd","spotify:track:3ZuT0Evo8chdVM6rPXXqgd","https://api.spotify.com/v1/tracks/3ZuT0Evo8chdVM6rPXXqgd","https://api.spotify.com/v1/audio-analysis/3ZuT0Evo8chdVM6rPXXqgd",349333,4,"linus"
"OnnaWay",0.774,0.409,2,-11.156,1,0.205,0.111,0,0.128,0.485,115.13,"audio_features","5gNvD8UVmQYmO6shoHXmLc","spotify:track:5gNvD8UVmQYmO6shoHXmLc","https://api.spotify.com/v1/tracks/5gNvD8UVmQYmO6shoHXmLc","https://api.spotify.com/v1/audio-analysis/5gNvD8UVmQYmO6shoHXmLc",216640,4,"linus"
"Routine",0.71,0.558,3,-7.148,0,0.262,0.574,0,0.144,0.607,140.026,"audio_features","3qpB3bo7TTA058DOzdeBLT","spotify:track:3qpB3bo7TTA058DOzdeBLT","https://api.spotify.com/v1/tracks/3qpB3bo7TTA058DOzdeBLT","https://api.spotify.com/v1/audio-analysis/3qpB3bo7TTA058DOzdeBLT",211495,4,"linus"
"Detox",0.745,0.427,7,-5.353,1,0.0909,0.00483,0,0.0993,0.336,140.013,"audio_features","1AlesmopHqVSjy3vN2p97y","spotify:track:1AlesmopHqVSjy3vN2p97y","https://api.spotify.com/v1/tracks/1AlesmopHqVSjy3vN2p97y","https://api.spotify.com/v1/audio-analysis/1AlesmopHqVSjy3vN2p97y",198933,4,"linus"
"Used to Be",0.632,0.279,5,-11.219,0,0.0881,0.447,0.00197,0.11,0.237,81.991,"audio_features","3AckrBcT16M6Ygsu4hUQaX","spotify:track:3AckrBcT16M6Ygsu4hUQaX","https://api.spotify.com/v1/tracks/3AckrBcT16M6Ygsu4hUQaX","https://api.spotify.com/v1/audio-analysis/3AckrBcT16M6Ygsu4hUQaX",259920,4,"linus"
"Dark Knight",0.901,0.432,0,-8.249,1,0.0911,0.0501,1.23e-06,0.111,0.155,135.05,"audio_features","2cz09aOkKUMx0cBAeIs4cw","spotify:track:2cz09aOkKUMx0cBAeIs4cw","https://api.spotify.com/v1/tracks/2cz09aOkKUMx0cBAeIs4cw","https://api.spotify.com/v1/audio-analysis/2cz09aOkKUMx0cBAeIs4cw",135747,4,"linus"
"DRIP DROP (feat. Cyhi The Prynce)",0.673,0.502,2,-6.645,1,0.432,0.127,0,0.103,0.349,99.013,"audio_features","19wtw9FEDtbf5z9p5KDCy9","spotify:track:19wtw9FEDtbf5z9p5KDCy9","https://api.spotify.com/v1/tracks/19wtw9FEDtbf5z9p5KDCy9","https://api.spotify.com/v1/audio-analysis/19wtw9FEDtbf5z9p5KDCy9",203613,4,"linus"
"SUVs (Black on Black)",0.801,0.688,1,-4.594,1,0.396,0.144,0,0.107,0.5,162.928,"audio_features","1MIGkQxcdAt2lDx6ySpsc5","spotify:track:1MIGkQxcdAt2lDx6ySpsc5","https://api.spotify.com/v1/tracks/1MIGkQxcdAt2lDx6ySpsc5","https://api.spotify.com/v1/audio-analysis/1MIGkQxcdAt2lDx6ySpsc5",157675,4,"linus"
"Bloom",0.488,0.889,5,-4.998,0,0.0413,0.00555,1.67e-05,0.833,0.661,156.035,"audio_features","73FM54gxQEfzccxKKFE2iW","spotify:track:73FM54gxQEfzccxKKFE2iW","https://api.spotify.com/v1/tracks/73FM54gxQEfzccxKKFE2iW","https://api.spotify.com/v1/audio-analysis/73FM54gxQEfzccxKKFE2iW",153823,4,"linus"
"Shake",0.791,0.548,7,-6.482,1,0.257,0.0132,0.565,0.176,0.498,70.013,"audio_features","0Lm7neol1vnlsJmTvUyXjG","spotify:track:0Lm7neol1vnlsJmTvUyXjG","https://api.spotify.com/v1/tracks/0Lm7neol1vnlsJmTvUyXjG","https://api.spotify.com/v1/audio-analysis/0Lm7neol1vnlsJmTvUyXjG",188176,4,"linus"
"Baxter Avenue",0.7,0.676,8,-8.74,1,0.372,0.15,0,0.106,0.684,92.597,"audio_features","0Gvl1luZaeTgCbVSI2z23D","spotify:track:0Gvl1luZaeTgCbVSI2z23D","https://api.spotify.com/v1/tracks/0Gvl1luZaeTgCbVSI2z23D","https://api.spotify.com/v1/audio-analysis/0Gvl1luZaeTgCbVSI2z23D",207797,4,"linus"
"HEAVY HITTER",0.886,0.646,7,-7.214,0,0.189,0.0418,0,0.16,0.867,98.03,"audio_features","7zJld1LpGmLsPt8IGOc0KL","spotify:track:7zJld1LpGmLsPt8IGOc0KL","https://api.spotify.com/v1/tracks/7zJld1LpGmLsPt8IGOc0KL","https://api.spotify.com/v1/audio-analysis/7zJld1LpGmLsPt8IGOc0KL",147260,4,"linus"
"RAIN",0.876,0.607,1,-6.736,1,0.103,0.00181,1.69e-05,0.107,0.131,101.002,"audio_features","4gY2S5FOKy3dUIGNJyt3dB","spotify:track:4gY2S5FOKy3dUIGNJyt3dB","https://api.spotify.com/v1/tracks/4gY2S5FOKy3dUIGNJyt3dB","https://api.spotify.com/v1/audio-analysis/4gY2S5FOKy3dUIGNJyt3dB",196639,4,"linus"
"Wasted Youth (feat. Shloob)",0.779,0.519,8,-7.698,1,0.426,0.335,0,0.101,0.358,159.944,"audio_features","4UUGjahYvyZgza2sgHp6vd","spotify:track:4UUGjahYvyZgza2sgHp6vd","https://api.spotify.com/v1/tracks/4UUGjahYvyZgza2sgHp6vd","https://api.spotify.com/v1/audio-analysis/4UUGjahYvyZgza2sgHp6vd",166267,4,"linus"
"Charcoal Baby",0.622,0.46,7,-8.389,0,0.0372,0.14,0.000369,0.119,0.514,183.241,"audio_features","3bBmpVl9rQKJsFFGLFilIS","spotify:track:3bBmpVl9rQKJsFFGLFilIS","https://api.spotify.com/v1/tracks/3bBmpVl9rQKJsFFGLFilIS","https://api.spotify.com/v1/audio-analysis/3bBmpVl9rQKJsFFGLFilIS",242341,4,"linus"
"Baby Blue",0.461,0.331,3,-11.03,1,0.0359,0.613,0.00104,0.129,0.0899,102.488,"audio_features","6Ko6VLnveSju6IZiwONLTt","spotify:track:6Ko6VLnveSju6IZiwONLTt","https://api.spotify.com/v1/tracks/6Ko6VLnveSju6IZiwONLTt","https://api.spotify.com/v1/audio-analysis/6Ko6VLnveSju6IZiwONLTt",215507,4,"linus"
"Avant Gardener",0.443,0.737,0,-4.509,1,0.0293,0.00149,0.0032,0.121,0.746,115.277,"audio_features","3LueS3mbuB1yaJNN0Ale6U","spotify:track:3LueS3mbuB1yaJNN0Ale6U","https://api.spotify.com/v1/tracks/3LueS3mbuB1yaJNN0Ale6U","https://api.spotify.com/v1/audio-analysis/3LueS3mbuB1yaJNN0Ale6U",312227,4,"linus"
"The Suburbs",0.619,0.686,6,-6.125,0,0.0265,0.0565,0.0237,0.142,0.538,117.777,"audio_features","5iItYl3Q6wCnKVfpK1uNVf","spotify:track:5iItYl3Q6wCnKVfpK1uNVf","https://api.spotify.com/v1/tracks/5iItYl3Q6wCnKVfpK1uNVf","https://api.spotify.com/v1/audio-analysis/5iItYl3Q6wCnKVfpK1uNVf",315027,4,"linus"
"Prune, You Talk Funny",0.571,0.749,10,-7.193,0,0.0382,0.0177,0.00233,0.199,0.579,140.045,"audio_features","3X8fDZL2mX4bz39SWWCl03","spotify:track:3X8fDZL2mX4bz39SWWCl03","https://api.spotify.com/v1/tracks/3X8fDZL2mX4bz39SWWCl03","https://api.spotify.com/v1/audio-analysis/3X8fDZL2mX4bz39SWWCl03",212701,4,"linus"
"Bad Idea (feat. Chance the Rapper)",0.732,0.464,7,-8.591,0,0.301,0.309,0,0.107,0.353,82.494,"audio_features","5yK37zazHUe3WxEvymZs20","spotify:track:5yK37zazHUe3WxEvymZs20","https://api.spotify.com/v1/tracks/5yK37zazHUe3WxEvymZs20","https://api.spotify.com/v1/audio-analysis/5yK37zazHUe3WxEvymZs20",234615,4,"linus"
"Object Permanence",0.497,0.743,7,-8.226,0,0.0847,0.836,0.0078,0.203,0.608,208.646,"audio_features","0TD0J4uUYUcXvTLE3TT32A","spotify:track:0TD0J4uUYUcXvTLE3TT32A","https://api.spotify.com/v1/tracks/0TD0J4uUYUcXvTLE3TT32A","https://api.spotify.com/v1/audio-analysis/0TD0J4uUYUcXvTLE3TT32A",183753,3,"linus"
"Eastern Parkway",0.629,0.635,0,-5.759,1,0.358,0.442,0.000706,0.0826,0.765,179.978,"audio_features","2KY4EupuUu4jk2yWNA8DZc","spotify:track:2KY4EupuUu4jk2yWNA8DZc","https://api.spotify.com/v1/tracks/2KY4EupuUu4jk2yWNA8DZc","https://api.spotify.com/v1/audio-analysis/2KY4EupuUu4jk2yWNA8DZc",186840,4,"linus"
"Tightrope (feat. Taylor)",0.709,0.578,4,-7.387,0,0.0477,0.176,0.000121,0.0989,0.14,130.046,"audio_features","1gitSbIeuMRv7iLY4ymVdi","spotify:track:1gitSbIeuMRv7iLY4ymVdi","https://api.spotify.com/v1/tracks/1gitSbIeuMRv7iLY4ymVdi","https://api.spotify.com/v1/audio-analysis/1gitSbIeuMRv7iLY4ymVdi",240000,4,"linus"
"dizzy",0.719,0.442,4,-12.503,1,0.241,0.855,0.014,0.144,0.29,79.064,"audio_features","1rTDyku1gN8ofcRtUJR9ql","spotify:track:1rTDyku1gN8ofcRtUJR9ql","https://api.spotify.com/v1/tracks/1rTDyku1gN8ofcRtUJR9ql","https://api.spotify.com/v1/audio-analysis/1rTDyku1gN8ofcRtUJR9ql",145823,4,"linus"
"Fallaway",0.641,0.6,10,-6.915,0,0.0775,0.478,0.0416,0.212,0.687,152.16,"audio_features","28k8Q0ObDd9I4ZnqvsgB58","spotify:track:28k8Q0ObDd9I4ZnqvsgB58","https://api.spotify.com/v1/tracks/28k8Q0ObDd9I4ZnqvsgB58","https://api.spotify.com/v1/audio-analysis/28k8Q0ObDd9I4ZnqvsgB58",197763,4,"linus"
"Mystery",0.536,0.601,0,-7.557,1,0.0597,0.0846,0.000509,0.38,0.847,125.429,"audio_features","6K1UU4hXcbcfalm4uGIk9P","spotify:track:6K1UU4hXcbcfalm4uGIk9P","https://api.spotify.com/v1/tracks/6K1UU4hXcbcfalm4uGIk9P","https://api.spotify.com/v1/audio-analysis/6K1UU4hXcbcfalm4uGIk9P",176978,4,"linus"
"Lemons and Tangerines",0.721,0.485,9,-9.801,1,0.0304,0.516,0.000798,0.114,0.388,114.002,"audio_features","6TpxSKRuZg9cxxBBURFaay","spotify:track:6TpxSKRuZg9cxxBBURFaay","https://api.spotify.com/v1/tracks/6TpxSKRuZg9cxxBBURFaay","https://api.spotify.com/v1/audio-analysis/6TpxSKRuZg9cxxBBURFaay",259880,4,"linus"
"When You Change Your Mind",0.538,0.512,4,-9.732,0,0.0257,0.627,0.0114,0.181,0.218,97.042,"audio_features","1FG0JHM1I839d8IXyBRMQG","spotify:track:1FG0JHM1I839d8IXyBRMQG","https://api.spotify.com/v1/tracks/1FG0JHM1I839d8IXyBRMQG","https://api.spotify.com/v1/audio-analysis/1FG0JHM1I839d8IXyBRMQG",216253,4,"linus"
"Nira (I'm Alive)",0.483,0.768,0,-5.664,1,0.0296,0.0466,0.0825,0.304,0.357,97.867,"audio_features","2qbljv9WQB1SL5SaRh3twI","spotify:track:2qbljv9WQB1SL5SaRh3twI","https://api.spotify.com/v1/tracks/2qbljv9WQB1SL5SaRh3twI","https://api.spotify.com/v1/audio-analysis/2qbljv9WQB1SL5SaRh3twI",250837,4,"linus"
"Fox Hunt",0.479,0.61,7,-5.789,1,0.0352,0.241,2.34e-05,0.121,0.413,126.957,"audio_features","32TjTdbpM9dv5gBVFXbU8S","spotify:track:32TjTdbpM9dv5gBVFXbU8S","https://api.spotify.com/v1/tracks/32TjTdbpM9dv5gBVFXbU8S","https://api.spotify.com/v1/audio-analysis/32TjTdbpM9dv5gBVFXbU8S",196534,4,"linus"
"Junk Of The Heart (Happy)",0.604,0.894,2,-5,1,0.037,0.0212,0,0.0299,0.901,145.017,"audio_features","2jZgzSxNSg1hTCq0ewWHGJ","spotify:track:2jZgzSxNSg1hTCq0ewWHGJ","https://api.spotify.com/v1/tracks/2jZgzSxNSg1hTCq0ewWHGJ","https://api.spotify.com/v1/audio-analysis/2jZgzSxNSg1hTCq0ewWHGJ",187253,4,"linus"
"UK Rap",0.92,0.682,1,-4.82,1,0.368,0.339,2.08e-06,0.112,0.697,140.071,"audio_features","2VjOTvl50tscmc0RDjPdr2","spotify:track:2VjOTvl50tscmc0RDjPdr2","https://api.spotify.com/v1/tracks/2VjOTvl50tscmc0RDjPdr2","https://api.spotify.com/v1/audio-analysis/2VjOTvl50tscmc0RDjPdr2",198027,4,"linus"
"Commitment Issues",0.8,0.71,5,-6.403,0,0.295,0.463,0,0.339,0.795,147.171,"audio_features","5w3CtwPT5e0k8zg2LyjvNN","spotify:track:5w3CtwPT5e0k8zg2LyjvNN","https://api.spotify.com/v1/tracks/5w3CtwPT5e0k8zg2LyjvNN","https://api.spotify.com/v1/audio-analysis/5w3CtwPT5e0k8zg2LyjvNN",150664,4,"linus"
"Ghostride",0.665,0.351,2,-9.424,1,0.0276,0.516,0.819,0.109,0.451,87.057,"audio_features","0R3TWpoxAhT3HDXM7tpRzS","spotify:track:0R3TWpoxAhT3HDXM7tpRzS","https://api.spotify.com/v1/tracks/0R3TWpoxAhT3HDXM7tpRzS","https://api.spotify.com/v1/audio-analysis/0R3TWpoxAhT3HDXM7tpRzS",126120,4,"linus"
"Marcel",0.625,0.645,9,-5.959,1,0.0278,0.54,0.0776,0.347,0.685,106.996,"audio_features","5u9cuDcYdOpSRB7fAYXXdp","spotify:track:5u9cuDcYdOpSRB7fAYXXdp","https://api.spotify.com/v1/tracks/5u9cuDcYdOpSRB7fAYXXdp","https://api.spotify.com/v1/audio-analysis/5u9cuDcYdOpSRB7fAYXXdp",187572,4,"linus"
"Down the Line",0.615,0.743,7,-6.569,1,0.041,0.237,0.00431,0.148,0.528,162.22,"audio_features","05ZUxHiGT7VR6ShJjhwJxn","spotify:track:05ZUxHiGT7VR6ShJjhwJxn","https://api.spotify.com/v1/tracks/05ZUxHiGT7VR6ShJjhwJxn","https://api.spotify.com/v1/audio-analysis/05ZUxHiGT7VR6ShJjhwJxn",158474,4,"linus"
"rises the moon",0.483,0.129,5,-20.149,0,0.0349,0.947,0.145,0.106,0.203,137.35,"audio_features","51Grh1RyUDcMBbpuyUIUHI","spotify:track:51Grh1RyUDcMBbpuyUIUHI","https://api.spotify.com/v1/tracks/51Grh1RyUDcMBbpuyUIUHI","https://api.spotify.com/v1/audio-analysis/51Grh1RyUDcMBbpuyUIUHI",161929,3,"linus"
"Put Me On Something",0.932,0.622,3,-4.447,1,0.241,0.179,0.000193,0.341,0.824,95.972,"audio_features","5dbZYOdVOKlnqySvS0Licf","spotify:track:5dbZYOdVOKlnqySvS0Licf","https://api.spotify.com/v1/tracks/5dbZYOdVOKlnqySvS0Licf","https://api.spotify.com/v1/audio-analysis/5dbZYOdVOKlnqySvS0Licf",206227,4,"linus"
"So Good at Being in Trouble",0.829,0.435,0,-10.136,1,0.0515,0.0363,0.881,0.119,0.594,103.817,"audio_features","3DXHaJzqRCgv3rd5U9EoXU","spotify:track:3DXHaJzqRCgv3rd5U9EoXU","https://api.spotify.com/v1/tracks/3DXHaJzqRCgv3rd5U9EoXU","https://api.spotify.com/v1/audio-analysis/3DXHaJzqRCgv3rd5U9EoXU",230147,4,"linus"
"Swim and Sleep (Like a Shark)",0.766,0.806,8,-10.011,1,0.0403,0.124,0.171,0.119,0.76,123.51,"audio_features","265ehI4I7NfR8PmAXdpspn","spotify:track:265ehI4I7NfR8PmAXdpspn","https://api.spotify.com/v1/tracks/265ehI4I7NfR8PmAXdpspn","https://api.spotify.com/v1/audio-analysis/265ehI4I7NfR8PmAXdpspn",165227,4,"linus"
"Fade Into You",0.42,0.33,9,-13.925,1,0.0275,0.245,0.000679,0.0677,0.175,157.143,"audio_features","1LzNfuep1bnAUR9skqdHCK","spotify:track:1LzNfuep1bnAUR9skqdHCK","https://api.spotify.com/v1/tracks/1LzNfuep1bnAUR9skqdHCK","https://api.spotify.com/v1/audio-analysis/1LzNfuep1bnAUR9skqdHCK",295600,3,"linus"
"Blondie",0.776,0.626,6,-12.561,1,0.0396,0.622,0.899,0.086,0.866,122.072,"audio_features","7sIx70dGj3VBiHWr0KZXfD","spotify:track:7sIx70dGj3VBiHWr0KZXfD","https://api.spotify.com/v1/tracks/7sIx70dGj3VBiHWr0KZXfD","https://api.spotify.com/v1/audio-analysis/7sIx70dGj3VBiHWr0KZXfD",194733,4,"linus"
"What Was I Made For?",0.371,0.0844,0,-17.829,1,0.0378,0.955,0,0.0983,0.0967,117.337,"audio_features","7wZa0JXBfFS8W5abYnHWKC","spotify:track:7wZa0JXBfFS8W5abYnHWKC","https://api.spotify.com/v1/tracks/7wZa0JXBfFS8W5abYnHWKC","https://api.spotify.com/v1/audio-analysis/7wZa0JXBfFS8W5abYnHWKC",222370,3,"linus"
"Your Dog",0.652,0.669,11,-7.797,0,0.0262,0.122,0.00039,0.169,0.769,115.047,"audio_features","3BpUZB0tw4zNmG3Iw1mclL","spotify:track:3BpUZB0tw4zNmG3Iw1mclL","https://api.spotify.com/v1/tracks/3BpUZB0tw4zNmG3Iw1mclL","https://api.spotify.com/v1/audio-analysis/3BpUZB0tw4zNmG3Iw1mclL",194009,4,"linus"
"Freaks",0.345,0.941,9,-9.918,1,0.0466,3.84e-05,0.633,0.0511,0.407,179.626,"audio_features","7EkWXAI1wn8Ii883ecd9xr","spotify:track:7EkWXAI1wn8Ii883ecd9xr","https://api.spotify.com/v1/tracks/7EkWXAI1wn8Ii883ecd9xr","https://api.spotify.com/v1/audio-analysis/7EkWXAI1wn8Ii883ecd9xr",147062,4,"linus"
"The Look",0.638,0.535,9,-7.792,0,0.0415,0.623,0.0391,0.0837,0.504,84.947,"audio_features","6zfczP87XO2SxWlQtnjFNa","spotify:track:6zfczP87XO2SxWlQtnjFNa","https://api.spotify.com/v1/tracks/6zfczP87XO2SxWlQtnjFNa","https://api.spotify.com/v1/audio-analysis/6zfczP87XO2SxWlQtnjFNa",277653,4,"linus"
"Book Of Revelation",0.601,0.724,7,-5.582,1,0.0633,0.0331,7.11e-06,0.0628,0.453,179.981,"audio_features","3Z11mdJPgsu6UW304ZkaPX","spotify:track:3Z11mdJPgsu6UW304ZkaPX","https://api.spotify.com/v1/tracks/3Z11mdJPgsu6UW304ZkaPX","https://api.spotify.com/v1/audio-analysis/3Z11mdJPgsu6UW304ZkaPX",210156,4,"linus"
"Days",0.586,0.721,2,-7.743,1,0.0289,0.37,0.168,0.141,0.656,84.988,"audio_features","3xQoeVaWyF046QIhdbGRCO","spotify:track:3xQoeVaWyF046QIhdbGRCO","https://api.spotify.com/v1/tracks/3xQoeVaWyF046QIhdbGRCO","https://api.spotify.com/v1/audio-analysis/3xQoeVaWyF046QIhdbGRCO",269082,4,"linus"
"How It Ended",0.558,0.688,11,-7.276,0,0.0348,0.166,3.87e-05,0.28,0.41,169.996,"audio_features","565tT6fKW3IAV1zFePyWID","spotify:track:565tT6fKW3IAV1zFePyWID","https://api.spotify.com/v1/tracks/565tT6fKW3IAV1zFePyWID","https://api.spotify.com/v1/audio-analysis/565tT6fKW3IAV1zFePyWID",260726,4,"linus"
"Blue Stripes",0.561,0.793,11,-8.478,1,0.0454,0.072,0.203,0.099,0.846,165.023,"audio_features","7gwRfPI5O0fw5vGTCFU9hj","spotify:track:7gwRfPI5O0fw5vGTCFU9hj","https://api.spotify.com/v1/tracks/7gwRfPI5O0fw5vGTCFU9hj","https://api.spotify.com/v1/audio-analysis/7gwRfPI5O0fw5vGTCFU9hj",247639,4,"linus"
"What We Had",0.406,0.429,7,-10.464,1,0.0288,0.713,0.951,0.162,0.102,127.994,"audio_features","4syEbTT8rnDWvwtEOUc2R4","spotify:track:4syEbTT8rnDWvwtEOUc2R4","https://api.spotify.com/v1/tracks/4syEbTT8rnDWvwtEOUc2R4","https://api.spotify.com/v1/audio-analysis/4syEbTT8rnDWvwtEOUc2R4",232234,4,"linus"
"I Need A Doctor",0.515,0.898,2,-7.098,1,0.0404,0.0257,0.569,0.0979,0.785,169.968,"audio_features","0f8tNnDGGeFfHyHlo7GmrZ","spotify:track:0f8tNnDGGeFfHyHlo7GmrZ","https://api.spotify.com/v1/tracks/0f8tNnDGGeFfHyHlo7GmrZ","https://api.spotify.com/v1/audio-analysis/0f8tNnDGGeFfHyHlo7GmrZ",256423,4,"linus"
"In The Cold",0.451,0.852,8,-8.232,0,0.0506,0.0975,0.0284,0.279,0.16,170.024,"audio_features","19H4gP3yYFJBk1Jq8mCVwR","spotify:track:19H4gP3yYFJBk1Jq8mCVwR","https://api.spotify.com/v1/tracks/19H4gP3yYFJBk1Jq8mCVwR","https://api.spotify.com/v1/audio-analysis/19H4gP3yYFJBk1Jq8mCVwR",209562,4,"linus"
"If He Likes It Let Him Do It",0.418,0.717,11,-6.71,0,0.0351,0.0267,0.0909,0.1,0.161,169.961,"audio_features","1J28hotf0E07J8PDlAFrFr","spotify:track:1J28hotf0E07J8PDlAFrFr","https://api.spotify.com/v1/tracks/1J28hotf0E07J8PDlAFrFr","https://api.spotify.com/v1/audio-analysis/1J28hotf0E07J8PDlAFrFr",231243,4,"linus"
"Please Don't Leave",0.454,0.713,7,-6.436,1,0.052,0.00136,0.406,0.113,0.412,169.94,"audio_features","2DqHl0R29m6WRTfQAS3zBI","spotify:track:2DqHl0R29m6WRTfQAS3zBI","https://api.spotify.com/v1/tracks/2DqHl0R29m6WRTfQAS3zBI","https://api.spotify.com/v1/audio-analysis/2DqHl0R29m6WRTfQAS3zBI",251528,4,"linus"
"Searching For Heaven",0.559,0.361,4,-11.855,1,0.0333,0.927,0.762,0.152,0.887,137.516,"audio_features","0sJMB4vAtfFeHHa68VcA7K","spotify:track:0sJMB4vAtfFeHHa68VcA7K","https://api.spotify.com/v1/tracks/0sJMB4vAtfFeHHa68VcA7K","https://api.spotify.com/v1/audio-analysis/0sJMB4vAtfFeHHa68VcA7K",169544,4,"linus"
"I Don't Know How To Love",0.411,0.89,11,-6.062,1,0.0409,0.0617,0.129,0.227,0.0701,169.966,"audio_features","0MapHAOWC5xN9kypG84DUn","spotify:track:0MapHAOWC5xN9kypG84DUn","https://api.spotify.com/v1/tracks/0MapHAOWC5xN9kypG84DUn","https://api.spotify.com/v1/audio-analysis/0MapHAOWC5xN9kypG84DUn",202054,4,"linus"
"Hard To Love",0.532,0.642,5,-7.094,1,0.0361,0.0194,4.85e-05,0.0808,0.278,170.01,"audio_features","69CdVAWnK2n0zVLx2iEhX6","spotify:track:69CdVAWnK2n0zVLx2iEhX6","https://api.spotify.com/v1/tracks/69CdVAWnK2n0zVLx2iEhX6","https://api.spotify.com/v1/audio-analysis/69CdVAWnK2n0zVLx2iEhX6",233276,4,"linus"
"Money",0.603,0.918,4,-6.652,0,0.0642,0.213,0.146,0.287,0.453,102.473,"audio_features","5Q1H7ASDiJpACNx5ziyhuN","spotify:track:5Q1H7ASDiJpACNx5ziyhuN","https://api.spotify.com/v1/tracks/5Q1H7ASDiJpACNx5ziyhuN","https://api.spotify.com/v1/audio-analysis/5Q1H7ASDiJpACNx5ziyhuN",233655,4,"linus"
"What You Were",0.621,0.829,7,-5.466,1,0.025,0.166,0.495,0.32,0.235,105.066,"audio_features","14q1vy9Tvz1TmzLWocWs9k","spotify:track:14q1vy9Tvz1TmzLWocWs9k","https://api.spotify.com/v1/tracks/14q1vy9Tvz1TmzLWocWs9k","https://api.spotify.com/v1/audio-analysis/14q1vy9Tvz1TmzLWocWs9k",195280,4,"linus"
"Slipping Away",0.693,0.547,11,-9.02,0,0.041,0.42,0.141,0.102,0.774,77.968,"audio_features","07AbRgKmb5KfppwtZbZqDI","spotify:track:07AbRgKmb5KfppwtZbZqDI","https://api.spotify.com/v1/tracks/07AbRgKmb5KfppwtZbZqDI","https://api.spotify.com/v1/audio-analysis/07AbRgKmb5KfppwtZbZqDI",235507,4,"linus"
"I Know How You Get",0.758,0.722,0,-5.173,1,0.0409,0.467,0.573,0.29,0.862,121.99,"audio_features","45wc09gWR3WymUNOx9hT8z","spotify:track:45wc09gWR3WymUNOx9hT8z","https://api.spotify.com/v1/tracks/45wc09gWR3WymUNOx9hT8z","https://api.spotify.com/v1/audio-analysis/45wc09gWR3WymUNOx9hT8z",290261,4,"linus"
"Bless the Telephone",0.567,0.175,2,-17.466,0,0.0483,0.978,2.14e-05,0.103,0.229,135.521,"audio_features","0620OecAlwJQxWieRW4L9s","spotify:track:0620OecAlwJQxWieRW4L9s","https://api.spotify.com/v1/tracks/0620OecAlwJQxWieRW4L9s","https://api.spotify.com/v1/audio-analysis/0620OecAlwJQxWieRW4L9s",100747,4,"linus"
"Pines",0.645,0.349,6,-12.698,0,0.0343,0.842,0.802,0.107,0.277,133.907,"audio_features","7qFLFQOYcytDd4hejiREzk","spotify:track:7qFLFQOYcytDd4hejiREzk","https://api.spotify.com/v1/tracks/7qFLFQOYcytDd4hejiREzk","https://api.spotify.com/v1/audio-analysis/7qFLFQOYcytDd4hejiREzk",222090,4,"linus"
"Sugar",0.822,0.462,9,-12.75,0,0.0365,0.645,0.313,0.14,0.8,114.032,"audio_features","6ZdAsADC9LIICvsVRuGWbZ","spotify:track:6ZdAsADC9LIICvsVRuGWbZ","https://api.spotify.com/v1/tracks/6ZdAsADC9LIICvsVRuGWbZ","https://api.spotify.com/v1/audio-analysis/6ZdAsADC9LIICvsVRuGWbZ",176316,4,"linus"
"Halah",0.622,0.448,0,-10.709,1,0.0265,0.23,0,0.102,0.553,106.085,"audio_features","6JuEshIRliNXRU1LXctRjZ","spotify:track:6JuEshIRliNXRU1LXctRjZ","https://api.spotify.com/v1/tracks/6JuEshIRliNXRU1LXctRjZ","https://api.spotify.com/v1/audio-analysis/6JuEshIRliNXRU1LXctRjZ",196227,4,"linus"
"Only in the West",0.955,0.544,7,-6.872,1,0.0888,0.074,0.0535,0.216,0.527,116.961,"audio_features","6ViQyVYQMlhxDPQ7Dw3n1J","spotify:track:6ViQyVYQMlhxDPQ7Dw3n1J","https://api.spotify.com/v1/tracks/6ViQyVYQMlhxDPQ7Dw3n1J","https://api.spotify.com/v1/audio-analysis/6ViQyVYQMlhxDPQ7Dw3n1J",196170,4,"linus"
"Lou's Tune",0.527,0.643,10,-8.072,0,0.0355,7.61e-05,0.725,0.174,0.844,75.036,"audio_features","5crkOzXbUZ5SOSkSat7g4T","spotify:track:5crkOzXbUZ5SOSkSat7g4T","https://api.spotify.com/v1/tracks/5crkOzXbUZ5SOSkSat7g4T","https://api.spotify.com/v1/audio-analysis/5crkOzXbUZ5SOSkSat7g4T",102635,4,"linus"
"See the World By Night",0.667,0.673,7,-9.664,1,0.0366,0.205,0.868,0.123,0.544,95.993,"audio_features","5MNvwHx7aWA6yZ1OagEsUJ","spotify:track:5MNvwHx7aWA6yZ1OagEsUJ","https://api.spotify.com/v1/tracks/5MNvwHx7aWA6yZ1OagEsUJ","https://api.spotify.com/v1/audio-analysis/5MNvwHx7aWA6yZ1OagEsUJ",179819,4,"linus"
"Mrs. Hollywood",0.758,0.655,5,-7.226,1,0.0305,0.143,0,0.158,0.972,128.019,"audio_features","1K1KcmJgKaeqnsisQnhyE1","spotify:track:1K1KcmJgKaeqnsisQnhyE1","https://api.spotify.com/v1/tracks/1K1KcmJgKaeqnsisQnhyE1","https://api.spotify.com/v1/audio-analysis/1K1KcmJgKaeqnsisQnhyE1",143841,4,"linus"
"Retreat!",0.27,0.661,10,-8.648,0,0.0455,0.772,0.862,0.266,0.531,127.172,"audio_features","57rW757V8DwWVHaDgdAzw7","spotify:track:57rW757V8DwWVHaDgdAzw7","https://api.spotify.com/v1/tracks/57rW757V8DwWVHaDgdAzw7","https://api.spotify.com/v1/audio-analysis/57rW757V8DwWVHaDgdAzw7",90840,4,"linus"
"High",0.793,0.661,2,-10.331,1,0.159,0.172,0.00144,0.346,0.761,91.933,"audio_features","3B9NEjn6V9kLsYmGc2RsSo","spotify:track:3B9NEjn6V9kLsYmGc2RsSo","https://api.spotify.com/v1/tracks/3B9NEjn6V9kLsYmGc2RsSo","https://api.spotify.com/v1/audio-analysis/3B9NEjn6V9kLsYmGc2RsSo",164212,4,"linus"
"Charmed",0.782,0.359,11,-9.088,1,0.0302,0.417,0.0237,0.203,0.793,98.996,"audio_features","6DYLWAdxEJvwWmT7EkeDkX","spotify:track:6DYLWAdxEJvwWmT7EkeDkX","https://api.spotify.com/v1/tracks/6DYLWAdxEJvwWmT7EkeDkX","https://api.spotify.com/v1/audio-analysis/6DYLWAdxEJvwWmT7EkeDkX",158360,4,"linus"
"Backwards Directions",0.852,0.376,10,-10.434,1,0.0485,0.408,0.452,0.0956,0.484,114.999,"audio_features","5vbnQr1tWSSREmcIONIUm9","spotify:track:5vbnQr1tWSSREmcIONIUm9","https://api.spotify.com/v1/tracks/5vbnQr1tWSSREmcIONIUm9","https://api.spotify.com/v1/audio-analysis/5vbnQr1tWSSREmcIONIUm9",187072,4,"linus"
"The Light",0.939,0.727,4,-4.349,0,0.235,0.0346,0,0.0854,0.662,96.968,"audio_features","5NiUrZVKyLpsyj62Roq5FW","spotify:track:5NiUrZVKyLpsyj62Roq5FW","https://api.spotify.com/v1/tracks/5NiUrZVKyLpsyj62Roq5FW","https://api.spotify.com/v1/audio-analysis/5NiUrZVKyLpsyj62Roq5FW",261693,4,"linus"
"September",0.674,0.832,9,-7.892,1,0.0308,0.146,5.06e-06,0.138,0.981,125.996,"audio_features","3kXoKlD84c6OmIcOLfrfEs","spotify:track:3kXoKlD84c6OmIcOLfrfEs","https://api.spotify.com/v1/tracks/3kXoKlD84c6OmIcOLfrfEs","https://api.spotify.com/v1/audio-analysis/3kXoKlD84c6OmIcOLfrfEs",216022,4,"linus"
"Hunnybee",0.956,0.377,6,-7.965,1,0.0804,0.566,0.414,0.313,0.566,119.993,"audio_features","6AAYNz8jXvVlgG9IpYi42Z","spotify:track:6AAYNz8jXvVlgG9IpYi42Z","https://api.spotify.com/v1/tracks/6AAYNz8jXvVlgG9IpYi42Z","https://api.spotify.com/v1/audio-analysis/6AAYNz8jXvVlgG9IpYi42Z",268333,4,"linus"
"Layla",0.808,0.741,8,-8.16,0,0.057,0.341,0.0344,0.11,0.621,126.985,"audio_features","3VZrMjHeYvUrFGKeG7B62D","spotify:track:3VZrMjHeYvUrFGKeG7B62D","https://api.spotify.com/v1/tracks/3VZrMjHeYvUrFGKeG7B62D","https://api.spotify.com/v1/audio-analysis/3VZrMjHeYvUrFGKeG7B62D",250013,4,"linus"
"O Tannenbaum",0.583,0.191,5,-15.938,1,0.0404,0.908,0.00824,0.126,0.342,123.303,"audio_features","4YhY2qHdBmSX33uj8ms0oq","spotify:track:4YhY2qHdBmSX33uj8ms0oq","https://api.spotify.com/v1/tracks/4YhY2qHdBmSX33uj8ms0oq","https://api.spotify.com/v1/audio-analysis/4YhY2qHdBmSX33uj8ms0oq",309387,4,"linus"
"We Wish You A Merry Christmas",0.677,0.353,9,-15.636,1,0.0716,0.814,0,0.0904,0.777,84.535,"audio_features","0Xrev0e2wVRSkq84SJiEMg","spotify:track:0Xrev0e2wVRSkq84SJiEMg","https://api.spotify.com/v1/tracks/0Xrev0e2wVRSkq84SJiEMg","https://api.spotify.com/v1/audio-analysis/0Xrev0e2wVRSkq84SJiEMg",65347,1,"linus"
"Silver Bells",0.41,0.336,2,-10.468,1,0.0301,0.384,0,0.214,0.547,114.59,"audio_features","2MpextDSUjiWKWBZIaqUpz","spotify:track:2MpextDSUjiWKWBZIaqUpz","https://api.spotify.com/v1/tracks/2MpextDSUjiWKWBZIaqUpz","https://api.spotify.com/v1/audio-analysis/2MpextDSUjiWKWBZIaqUpz",142560,3,"linus"
"Jingle Bell Rock",0.754,0.424,2,-8.463,1,0.0363,0.643,0,0.0652,0.806,119.705,"audio_features","7vQbuQcyTflfCIOu3Uzzya","spotify:track:7vQbuQcyTflfCIOu3Uzzya","https://api.spotify.com/v1/tracks/7vQbuQcyTflfCIOu3Uzzya","https://api.spotify.com/v1/audio-analysis/7vQbuQcyTflfCIOu3Uzzya",130973,4,"linus"
"Santa Baby",0.704,0.103,5,-15.056,0,0.0607,0.897,0,0.192,0.468,84.475,"audio_features","1vZKP9XURuqMp1SpXGnoyb","spotify:track:1vZKP9XURuqMp1SpXGnoyb","https://api.spotify.com/v1/tracks/1vZKP9XURuqMp1SpXGnoyb","https://api.spotify.com/v1/audio-analysis/1vZKP9XURuqMp1SpXGnoyb",206507,4,"linus"
"Silver Bells",0.453,0.128,9,-18.004,1,0.0309,0.89,0.0112,0.105,0.505,103.471,"audio_features","7lg5Q5O8vh9TzzP8jzOLmY","spotify:track:7lg5Q5O8vh9TzzP8jzOLmY","https://api.spotify.com/v1/tracks/7lg5Q5O8vh9TzzP8jzOLmY","https://api.spotify.com/v1/audio-analysis/7lg5Q5O8vh9TzzP8jzOLmY",131107,3,"linus"
"Rockin' Around The Christmas Tree",0.589,0.472,8,-8.749,1,0.0502,0.614,0,0.505,0.898,67.196,"audio_features","2EjXfH91m7f8HiJN1yQg97","spotify:track:2EjXfH91m7f8HiJN1yQg97","https://api.spotify.com/v1/tracks/2EjXfH91m7f8HiJN1yQg97","https://api.spotify.com/v1/audio-analysis/2EjXfH91m7f8HiJN1yQg97",126267,4,"linus"
"Please Come Home for Christmas - 2013 Remaster",0.612,0.289,9,-11.568,1,0.0421,0.599,0.00266,0.0561,0.466,183.18,"audio_features","3QIoEi8Enr9uHffwInGIsC","spotify:track:3QIoEi8Enr9uHffwInGIsC","https://api.spotify.com/v1/tracks/3QIoEi8Enr9uHffwInGIsC","https://api.spotify.com/v1/audio-analysis/3QIoEi8Enr9uHffwInGIsC",177440,3,"linus"
"Hallelujah",0.344,0.196,9,-7.518,0,0.032,0.881,0,0.104,0.45,72.609,"audio_features","5USZyz6dnBEn1oLsKcAKQy","spotify:track:5USZyz6dnBEn1oLsKcAKQy","https://api.spotify.com/v1/tracks/5USZyz6dnBEn1oLsKcAKQy","https://api.spotify.com/v1/audio-analysis/5USZyz6dnBEn1oLsKcAKQy",248800,4,"linus"
"Frosty The Snowman",0.566,0.497,8,-7.424,1,0.0514,0.768,0,0.277,0.846,76.532,"audio_features","76nIlhb7sx9W9ceQKVKreg","spotify:track:76nIlhb7sx9W9ceQKVKreg","https://api.spotify.com/v1/tracks/76nIlhb7sx9W9ceQKVKreg","https://api.spotify.com/v1/audio-analysis/76nIlhb7sx9W9ceQKVKreg",131733,4,"linus"
"Little Saint Nick - 1991 Remix",0.602,0.553,11,-9.336,1,0.0328,0.108,0,0.0512,0.971,130.594,"audio_features","5xlS0QkVrSH7ssEbBgBzbM","spotify:track:5xlS0QkVrSH7ssEbBgBzbM","https://api.spotify.com/v1/tracks/5xlS0QkVrSH7ssEbBgBzbM","https://api.spotify.com/v1/audio-analysis/5xlS0QkVrSH7ssEbBgBzbM",118840,4,"linus"
"Enough Is Enough",0.483,0.768,0,-4.911,1,0.0344,0.014,0,0.109,0.332,166.061,"audio_features","3BHFResGQiUvbYToUdaDQz","spotify:track:3BHFResGQiUvbYToUdaDQz","https://api.spotify.com/v1/tracks/3BHFResGQiUvbYToUdaDQz","https://api.spotify.com/v1/audio-analysis/3BHFResGQiUvbYToUdaDQz",165175,4,"linus"
"I Like You (A Happier Song) (with Doja Cat)",0.733,0.67,5,-6.009,1,0.0751,0.121,0,0.121,0.472,100.964,"audio_features","0O6u0VJ46W86TxN9wgyqDj","spotify:track:0O6u0VJ46W86TxN9wgyqDj","https://api.spotify.com/v1/tracks/0O6u0VJ46W86TxN9wgyqDj","https://api.spotify.com/v1/audio-analysis/0O6u0VJ46W86TxN9wgyqDj",192841,4,"linus"
"rockstar (feat. 21 Savage)",0.585,0.52,5,-6.136,0,0.0712,0.124,7.01e-05,0.131,0.129,159.801,"audio_features","0e7ipj03S05BNilyu5bRzt","spotify:track:0e7ipj03S05BNilyu5bRzt","https://api.spotify.com/v1/tracks/0e7ipj03S05BNilyu5bRzt","https://api.spotify.com/v1/audio-analysis/0e7ipj03S05BNilyu5bRzt",218147,4,"linus"
"Paradise",0.844,0.644,11,-6.273,0,0.0479,0.0828,0,0.113,0.591,122.061,"audio_features","0Rx0DJI556Ix5gBny6EWmn","spotify:track:0Rx0DJI556Ix5gBny6EWmn","https://api.spotify.com/v1/tracks/0Rx0DJI556Ix5gBny6EWmn","https://api.spotify.com/v1/audio-analysis/0Rx0DJI556Ix5gBny6EWmn",169038,4,"linus"
"Chamber Of Reflection",0.538,0.557,11,-8.678,1,0.0914,0.262,0.914,0.102,0.506,131.03,"audio_features","7H7NyZ3G075GqPx2evsfeb","spotify:track:7H7NyZ3G075GqPx2evsfeb","https://api.spotify.com/v1/tracks/7H7NyZ3G075GqPx2evsfeb","https://api.spotify.com/v1/audio-analysis/7H7NyZ3G075GqPx2evsfeb",231724,4,"linus"
"we fell in love in october",0.566,0.366,7,-12.808,1,0.028,0.113,0.181,0.155,0.237,129.96,"audio_features","6IPwKM3fUUzlElbvKw2sKl","spotify:track:6IPwKM3fUUzlElbvKw2sKl","https://api.spotify.com/v1/tracks/6IPwKM3fUUzlElbvKw2sKl","https://api.spotify.com/v1/audio-analysis/6IPwKM3fUUzlElbvKw2sKl",184154,4,"linus"
"Call Me What You Like",0.517,0.891,0,-6.749,0,0.101,0.00905,0.0245,0.0654,0.363,152.007,"audio_features","21rYCEejlfM0LYRlfzxGeM","spotify:track:21rYCEejlfM0LYRlfzxGeM","https://api.spotify.com/v1/tracks/21rYCEejlfM0LYRlfzxGeM","https://api.spotify.com/v1/audio-analysis/21rYCEejlfM0LYRlfzxGeM",226077,4,"linus"
"Oncle Jazz",0.712,0.308,0,-16.776,0,0.0519,0.535,0.816,0.0813,0.246,139.995,"audio_features","204t5SErksNRHRhU52g5JF","spotify:track:204t5SErksNRHRhU52g5JF","https://api.spotify.com/v1/tracks/204t5SErksNRHRhU52g5JF","https://api.spotify.com/v1/audio-analysis/204t5SErksNRHRhU52g5JF",57877,4,"linus"
"Westcoast Collective",0.682,0.571,1,-7.169,0,0.0271,0.542,0.00757,0.339,0.539,91.97,"audio_features","7rNun2AyLu4u4rQpRt0iS9","spotify:track:7rNun2AyLu4u4rQpRt0iS9","https://api.spotify.com/v1/tracks/7rNun2AyLu4u4rQpRt0iS9","https://api.spotify.com/v1/audio-analysis/7rNun2AyLu4u4rQpRt0iS9",107280,4,"linus"
"Alive!",0.75,0.736,8,-5.405,0,0.0307,0.517,1.23e-05,0.0866,0.579,97.032,"audio_features","28cm9uWSKVAfZ0HDBlq4rS","spotify:track:28cm9uWSKVAfZ0HDBlq4rS","https://api.spotify.com/v1/tracks/28cm9uWSKVAfZ0HDBlq4rS","https://api.spotify.com/v1/audio-analysis/28cm9uWSKVAfZ0HDBlq4rS",232133,4,"linus"
"Stop Giving Me Advice (with Jack Harlow & Dave)",0.641,0.681,6,-4.888,0,0.283,0.504,2.69e-05,0.103,0.896,101.429,"audio_features","6j3wDNKqEeZ6QwPtCcpJX8","spotify:track:6j3wDNKqEeZ6QwPtCcpJX8","https://api.spotify.com/v1/tracks/6j3wDNKqEeZ6QwPtCcpJX8","https://api.spotify.com/v1/audio-analysis/6j3wDNKqEeZ6QwPtCcpJX8",242453,4,"linus"
"Nova Scotia 500",0.604,0.768,6,-4.515,0,0.0294,0.0532,0.721,0.36,0.476,135.091,"audio_features","4r6nfH8MlWFLGXRpaNmfcv","spotify:track:4r6nfH8MlWFLGXRpaNmfcv","https://api.spotify.com/v1/tracks/4r6nfH8MlWFLGXRpaNmfcv","https://api.spotify.com/v1/audio-analysis/4r6nfH8MlWFLGXRpaNmfcv",192542,4,"linus"
"Rips in Jeans",0.864,0.676,6,-5.442,0,0.238,0.261,1.77e-06,0.101,0.501,112.105,"audio_features","7K0ga2R3IgiwDOZlk9SC9n","spotify:track:7K0ga2R3IgiwDOZlk9SC9n","https://api.spotify.com/v1/tracks/7K0ga2R3IgiwDOZlk9SC9n","https://api.spotify.com/v1/audio-analysis/7K0ga2R3IgiwDOZlk9SC9n",163459,4,"linus"
"Heartbroken (feat. Jessie Murph & Polo G)",0.67,0.589,2,-5.693,1,0.0873,0.379,0,0.0942,0.628,146.978,"audio_features","60eA3QITW5G2D7Woc11uKc","spotify:track:60eA3QITW5G2D7Woc11uKc","https://api.spotify.com/v1/tracks/60eA3QITW5G2D7Woc11uKc","https://api.spotify.com/v1/audio-analysis/60eA3QITW5G2D7Woc11uKc",204325,4,"linus"
"Daylight",0.528,0.749,7,-7.571,1,0.0479,0.00488,9.6e-05,0.0949,0.729,163.944,"audio_features","6Ed1q0X8oSKSm4IIhiQbYg","spotify:track:6Ed1q0X8oSKSm4IIhiQbYg","https://api.spotify.com/v1/tracks/6Ed1q0X8oSKSm4IIhiQbYg","https://api.spotify.com/v1/audio-analysis/6Ed1q0X8oSKSm4IIhiQbYg",163906,4,"linus"
"Thunderclouds (feat. Sia, Diplo, and Labrinth)",0.69,0.714,7,-5.948,1,0.0338,0.0077,7.23e-05,0.191,0.489,112.009,"audio_features","4lJNen4SMTIJMahALc3DcB","spotify:track:4lJNen4SMTIJMahALc3DcB","https://api.spotify.com/v1/tracks/4lJNen4SMTIJMahALc3DcB","https://api.spotify.com/v1/audio-analysis/4lJNen4SMTIJMahALc3DcB",187027,4,"linus"
"Starfire (Teen Titans)",0.697,0.433,6,-10.994,0,0.0621,0.183,8.77e-05,0.156,0.353,157.918,"audio_features","03kjp7rp1REHaSloqcSEe3","spotify:track:03kjp7rp1REHaSloqcSEe3","https://api.spotify.com/v1/tracks/03kjp7rp1REHaSloqcSEe3","https://api.spotify.com/v1/audio-analysis/03kjp7rp1REHaSloqcSEe3",124557,3,"linus"
"Saturn",0.764,0.342,6,-10.641,0,0.0633,0.886,0.000199,0.118,0.377,139.895,"audio_features","1a9rOeuuSEYpyRupt4D1Po","spotify:track:1a9rOeuuSEYpyRupt4D1Po","https://api.spotify.com/v1/tracks/1a9rOeuuSEYpyRupt4D1Po","https://api.spotify.com/v1/audio-analysis/1a9rOeuuSEYpyRupt4D1Po",96233,4,"linus"
"Faygo Dreams",0.748,0.66,6,-4.704,1,0.0487,0.224,0.053,0.101,0.328,137.033,"audio_features","2BoeDIEzoS9diuyaqqVaDh","spotify:track:2BoeDIEzoS9diuyaqqVaDh","https://api.spotify.com/v1/tracks/2BoeDIEzoS9diuyaqqVaDh","https://api.spotify.com/v1/audio-analysis/2BoeDIEzoS9diuyaqqVaDh",171907,4,"linus"
"Bloom (Online Bonus Track)",0.581,0.421,1,-9.792,1,0.0245,0.894,0.000491,0.119,0.433,95.969,"audio_features","44alNkXsYnTyPnkMdohBcx","spotify:track:44alNkXsYnTyPnkMdohBcx","https://api.spotify.com/v1/tracks/44alNkXsYnTyPnkMdohBcx","https://api.spotify.com/v1/audio-analysis/44alNkXsYnTyPnkMdohBcx",209817,4,"linus"
"Would That I",0.521,0.526,5,-6.032,1,0.0281,0.243,0.00537,0.108,0.502,130.694,"audio_features","37zuIvk4KBkAxxLJsxJaHq","spotify:track:37zuIvk4KBkAxxLJsxJaHq","https://api.spotify.com/v1/tracks/37zuIvk4KBkAxxLJsxJaHq","https://api.spotify.com/v1/audio-analysis/37zuIvk4KBkAxxLJsxJaHq",268293,4,"linus"
"Stuck on the puzzle",0.58,0.682,4,-8.523,1,0.0332,0.0792,0.0316,0.161,0.774,77.53,"audio_features","3cUxncrTWSA9lhlQbuIwUY","spotify:track:3cUxncrTWSA9lhlQbuIwUY","https://api.spotify.com/v1/tracks/3cUxncrTWSA9lhlQbuIwUY","https://api.spotify.com/v1/audio-analysis/3cUxncrTWSA9lhlQbuIwUY",211053,4,"linus"
"Sex, Drugs, Etc.",0.57,0.842,4,-5.085,0,0.0381,0.0136,0.00876,0.524,0.47,143.975,"audio_features","7MlDNspYwfqnHxORufupwq","spotify:track:7MlDNspYwfqnHxORufupwq","https://api.spotify.com/v1/tracks/7MlDNspYwfqnHxORufupwq","https://api.spotify.com/v1/audio-analysis/7MlDNspYwfqnHxORufupwq",196784,4,"linus"
"Sunflower - Spider-Man: Into the Spider-Verse",0.755,0.522,2,-4.368,1,0.0575,0.533,0,0.0685,0.925,89.96,"audio_features","0RiRZpuVRbi7oqRdSMwhQY","spotify:track:0RiRZpuVRbi7oqRdSMwhQY","https://api.spotify.com/v1/tracks/0RiRZpuVRbi7oqRdSMwhQY","https://api.spotify.com/v1/audio-analysis/0RiRZpuVRbi7oqRdSMwhQY",157560,4,"linus"
"Honeypie",0.74,0.688,5,-4.361,0,0.0916,0.061,0,0.138,0.935,115.035,"audio_features","6FfLg6FFqhCsrFOaHIGkg0","spotify:track:6FfLg6FFqhCsrFOaHIGkg0","https://api.spotify.com/v1/tracks/6FfLg6FFqhCsrFOaHIGkg0","https://api.spotify.com/v1/audio-analysis/6FfLg6FFqhCsrFOaHIGkg0",135581,4,"linus"
"She Calls Me Back (with Kacey Musgraves)",0.743,0.671,11,-6.304,1,0.0382,0.0706,0,0.294,0.627,127.923,"audio_features","0p1hBWPaSxUDTSa32PyhnU","spotify:track:0p1hBWPaSxUDTSa32PyhnU","https://api.spotify.com/v1/tracks/0p1hBWPaSxUDTSa32PyhnU","https://api.spotify.com/v1/audio-analysis/0p1hBWPaSxUDTSa32PyhnU",243962,4,"linus"
"Rings",0.644,0.41,11,-12.91,1,0.0372,0.425,2.06e-05,0.242,0.304,116.061,"audio_features","2FUwEr2BAfyebUBSOeLwO8","spotify:track:2FUwEr2BAfyebUBSOeLwO8","https://api.spotify.com/v1/tracks/2FUwEr2BAfyebUBSOeLwO8","https://api.spotify.com/v1/audio-analysis/2FUwEr2BAfyebUBSOeLwO8",234173,4,"linus"
"still feel.",0.779,0.516,10,-6.467,0,0.0521,0.148,0,0.0492,0.715,120.026,"audio_features","48XkVAagIoQHCsOlJtXUd5","spotify:track:48XkVAagIoQHCsOlJtXUd5","https://api.spotify.com/v1/tracks/48XkVAagIoQHCsOlJtXUd5","https://api.spotify.com/v1/audio-analysis/48XkVAagIoQHCsOlJtXUd5",247787,4,"linus"
"white tee",0.8,0.526,11,-8.909,1,0.0416,0.285,0,0.0717,0.729,149.991,"audio_features","4TVsTKQVeC99tCjfRKLeob","spotify:track:4TVsTKQVeC99tCjfRKLeob","https://api.spotify.com/v1/tracks/4TVsTKQVeC99tCjfRKLeob","https://api.spotify.com/v1/audio-analysis/4TVsTKQVeC99tCjfRKLeob",132227,4,"linus"
"good kid",0.451,0.831,5,-8.641,0,0.307,0.0623,0,0.185,0.41,176.162,"audio_features","5vuJuBqwzHJgCA1ysRfwxZ","spotify:track:5vuJuBqwzHJgCA1ysRfwxZ","https://api.spotify.com/v1/tracks/5vuJuBqwzHJgCA1ysRfwxZ","https://api.spotify.com/v1/audio-analysis/5vuJuBqwzHJgCA1ysRfwxZ",214120,4,"linus"
"California",0.644,0.443,9,-10.043,1,0.0369,0.817,0,0.28,0.549,93.011,"audio_features","4TYPnvjBbEfcDkk1UxpvYB","spotify:track:4TYPnvjBbEfcDkk1UxpvYB","https://api.spotify.com/v1/tracks/4TYPnvjBbEfcDkk1UxpvYB","https://api.spotify.com/v1/audio-analysis/4TYPnvjBbEfcDkk1UxpvYB",191881,4,"linus"
"The Weekend",0.4,0.366,8,-9.405,0,0.0597,0.242,0,0.126,0.161,73.313,"audio_features","6gU9OKjOE7ghfEd55oRO57","spotify:track:6gU9OKjOE7ghfEd55oRO57","https://api.spotify.com/v1/tracks/6gU9OKjOE7ghfEd55oRO57","https://api.spotify.com/v1/audio-analysis/6gU9OKjOE7ghfEd55oRO57",272187,3,"linus"
"The Greatest (feat. Kendrick Lamar)",0.668,0.725,1,-6.127,1,0.266,0.0102,0.000479,0.0561,0.729,191.944,"audio_features","7xHWNBFm6ObGEQPaUxHuKO","spotify:track:7xHWNBFm6ObGEQPaUxHuKO","https://api.spotify.com/v1/tracks/7xHWNBFm6ObGEQPaUxHuKO","https://api.spotify.com/v1/audio-analysis/7xHWNBFm6ObGEQPaUxHuKO",210227,4,"linus"
"A.D.H.D",0.609,0.799,9,-6.883,1,0.24,0.33,0,0.108,0.582,157.74,"audio_features","2Fw5S2gaOSZzdN5dFoC2dj","spotify:track:2Fw5S2gaOSZzdN5dFoC2dj","https://api.spotify.com/v1/tracks/2Fw5S2gaOSZzdN5dFoC2dj","https://api.spotify.com/v1/audio-analysis/2Fw5S2gaOSZzdN5dFoC2dj",215509,4,"linus"
"Bitch, Donâ€™t Kill My Vibe",0.587,0.698,1,-8.948,1,0.0943,0.0152,0,0.442,0.0985,133.954,"audio_features","4Pwjz3DfvfQWV0rO2V8jyh","spotify:track:4Pwjz3DfvfQWV0rO2V8jyh","https://api.spotify.com/v1/tracks/4Pwjz3DfvfQWV0rO2V8jyh","https://api.spotify.com/v1/audio-analysis/4Pwjz3DfvfQWV0rO2V8jyh",310720,4,"linus"
"i",0.541,0.809,8,-4.286,1,0.324,0.708,0,0.72,0.753,120.094,"audio_features","3ODXRUPL44f04cCacwiCLC","spotify:track:3ODXRUPL44f04cCacwiCLC","https://api.spotify.com/v1/tracks/3ODXRUPL44f04cCacwiCLC","https://api.spotify.com/v1/audio-analysis/3ODXRUPL44f04cCacwiCLC",336013,4,"linus"
"How Much A Dollar Cost",0.624,0.729,1,-4.747,1,0.198,0.415,0,0.135,0.334,87.948,"audio_features","4tQcyj5488alHT1ZgFduzn","spotify:track:4tQcyj5488alHT1ZgFduzn","https://api.spotify.com/v1/tracks/4tQcyj5488alHT1ZgFduzn","https://api.spotify.com/v1/audio-analysis/4tQcyj5488alHT1ZgFduzn",261747,4,"linus"
"House of Memories",0.506,0.817,11,-5.051,0,0.0335,0.00272,0,0.0486,0.506,109.952,"audio_features","2DgdHcjWmO3qd50RzuBLgZ","spotify:track:2DgdHcjWmO3qd50RzuBLgZ","https://api.spotify.com/v1/tracks/2DgdHcjWmO3qd50RzuBLgZ","https://api.spotify.com/v1/audio-analysis/2DgdHcjWmO3qd50RzuBLgZ",208707,4,"linus"
"Mykonos",0.3,0.449,8,-9.308,0,0.0306,0.395,0.000456,0.137,0.364,82.965,"audio_features","7H71gZwWs3xPWnHM30NDUp","spotify:track:7H71gZwWs3xPWnHM30NDUp","https://api.spotify.com/v1/tracks/7H71gZwWs3xPWnHM30NDUp","https://api.spotify.com/v1/audio-analysis/7H71gZwWs3xPWnHM30NDUp",275307,4,"linus"
"Northern Attitude (with Hozier)",0.486,0.64,3,-8.027,1,0.0551,0.136,7.58e-05,0.105,0.289,122.017,"audio_features","4oEf84vBYVftf6KmZexhVo","spotify:track:4oEf84vBYVftf6KmZexhVo","https://api.spotify.com/v1/tracks/4oEf84vBYVftf6KmZexhVo","https://api.spotify.com/v1/audio-analysis/4oEf84vBYVftf6KmZexhVo",267256,4,"linus"
"Sedona",0.394,0.654,3,-8.243,1,0.0346,0.0404,6.96e-05,0.112,0.264,135.188,"audio_features","65T1aY3I9qfNUDVAnaM9bq","spotify:track:65T1aY3I9qfNUDVAnaM9bq","https://api.spotify.com/v1/tracks/65T1aY3I9qfNUDVAnaM9bq","https://api.spotify.com/v1/audio-analysis/65T1aY3I9qfNUDVAnaM9bq",239881,4,"linus"
"Born and Raised",0.656,0.375,0,-9.205,1,0.0248,0.355,0.0069,0.279,0.313,131.8,"audio_features","5RYTpsSI7op7UZznXWqhIP","spotify:track:5RYTpsSI7op7UZznXWqhIP","https://api.spotify.com/v1/tracks/5RYTpsSI7op7UZznXWqhIP","https://api.spotify.com/v1/audio-analysis/5RYTpsSI7op7UZznXWqhIP",287640,4,"linus"
"The Cave",0.592,0.499,4,-9.463,1,0.0375,0.0536,4.52e-05,0.113,0.346,141.937,"audio_features","2F79HavLHwJlfvvJOkkIQD","spotify:track:2F79HavLHwJlfvvJOkkIQD","https://api.spotify.com/v1/tracks/2F79HavLHwJlfvvJOkkIQD","https://api.spotify.com/v1/audio-analysis/2F79HavLHwJlfvvJOkkIQD",215627,4,"linus"
"Masterpiece",0.415,0.704,4,-7.825,1,0.0292,0.00115,2.02e-05,0.153,0.395,71.891,"audio_features","2orcl4a2qxEpbsYeZXKsyR","spotify:track:2orcl4a2qxEpbsYeZXKsyR","https://api.spotify.com/v1/tracks/2orcl4a2qxEpbsYeZXKsyR","https://api.spotify.com/v1/audio-analysis/2orcl4a2qxEpbsYeZXKsyR",230586,4,"linus"
"Pink Moon",0.642,0.427,3,-8.471,1,0.0402,0.871,0.0904,0.124,0.404,82.344,"audio_features","4KROoGIaPaR1pBHPnR3bwC","spotify:track:4KROoGIaPaR1pBHPnR3bwC","https://api.spotify.com/v1/tracks/4KROoGIaPaR1pBHPnR3bwC","https://api.spotify.com/v1/audio-analysis/4KROoGIaPaR1pBHPnR3bwC",124001,4,"linus"
"Jenny Was A Friend Of Mine",0.542,0.961,11,-5.606,1,0.0518,0.000128,0.00119,0.286,0.472,114.048,"audio_features","60eVCXFCuw1WYswBuNZc4H","spotify:track:60eVCXFCuw1WYswBuNZc4H","https://api.spotify.com/v1/tracks/60eVCXFCuw1WYswBuNZc4H","https://api.spotify.com/v1/audio-analysis/60eVCXFCuw1WYswBuNZc4H",243933,4,"linus"
"Stay Inside",0.533,0.716,6,-6.383,1,0.0352,0.025,0.078,0.414,0.761,156.005,"audio_features","2Kfzqi6vQqK773OHg7XEhm","spotify:track:2Kfzqi6vQqK773OHg7XEhm","https://api.spotify.com/v1/tracks/2Kfzqi6vQqK773OHg7XEhm","https://api.spotify.com/v1/audio-analysis/2Kfzqi6vQqK773OHg7XEhm",121923,4,"linus"
"Beach Bummer",0.689,0.783,10,-5.148,1,0.0447,0.0654,0.237,0.147,0.756,129.955,"audio_features","1EEon0WCgeb8cTUbqo6qlq","spotify:track:1EEon0WCgeb8cTUbqo6qlq","https://api.spotify.com/v1/tracks/1EEon0WCgeb8cTUbqo6qlq","https://api.spotify.com/v1/audio-analysis/1EEon0WCgeb8cTUbqo6qlq",148192,4,"linus"
"They Love Me They Love Me",0.315,0.655,6,-8.616,1,0.0437,0.192,1.15e-06,0.062,0.787,120.583,"audio_features","4q3wbNsXUZ0dJgmCY8ECxU","spotify:track:4q3wbNsXUZ0dJgmCY8ECxU","https://api.spotify.com/v1/tracks/4q3wbNsXUZ0dJgmCY8ECxU","https://api.spotify.com/v1/audio-analysis/4q3wbNsXUZ0dJgmCY8ECxU",70252,4,"linus"
"Mets",0.484,0.613,4,-10.412,1,0.0311,0.0111,0.00296,0.0498,0.652,154.928,"audio_features","6JHnCGM9RefqprcCCGzOEn","spotify:track:6JHnCGM9RefqprcCCGzOEn","https://api.spotify.com/v1/tracks/6JHnCGM9RefqprcCCGzOEn","https://api.spotify.com/v1/audio-analysis/6JHnCGM9RefqprcCCGzOEn",128500,4,"linus"
"dog cuddles",0.644,0.583,1,-11.981,1,0.0462,0.595,0.921,0.11,0.915,158.043,"audio_features","23Z8zUlaNReUNgLcFFkcqx","spotify:track:23Z8zUlaNReUNgLcFFkcqx","https://api.spotify.com/v1/tracks/23Z8zUlaNReUNgLcFFkcqx","https://api.spotify.com/v1/audio-analysis/23Z8zUlaNReUNgLcFFkcqx",151714,4,"linus"
"$10",0.624,0.596,4,-9.804,1,0.0314,0.475,0.203,0.119,0.896,120.969,"audio_features","3koAwrM1RO0TGMeQJ3qt9J","spotify:track:3koAwrM1RO0TGMeQJ3qt9J","https://api.spotify.com/v1/tracks/3koAwrM1RO0TGMeQJ3qt9J","https://api.spotify.com/v1/audio-analysis/3koAwrM1RO0TGMeQJ3qt9J",89509,4,"linus"
"Panama",0.615,0.724,5,-8.583,1,0.0306,0.298,0.459,0.211,0.45,97.725,"audio_features","6keyBQK6pA0OApRfM1f0dp","spotify:track:6keyBQK6pA0OApRfM1f0dp","https://api.spotify.com/v1/tracks/6keyBQK6pA0OApRfM1f0dp","https://api.spotify.com/v1/audio-analysis/6keyBQK6pA0OApRfM1f0dp",198547,4,"linus"
"Speed Racer",0.551,0.959,6,-2.497,0,0.0463,0.0102,0.325,0.0463,0.971,92.487,"audio_features","7mwLlFNlWD4AOFoxPJTPwn","spotify:track:7mwLlFNlWD4AOFoxPJTPwn","https://api.spotify.com/v1/tracks/7mwLlFNlWD4AOFoxPJTPwn","https://api.spotify.com/v1/audio-analysis/7mwLlFNlWD4AOFoxPJTPwn",151722,4,"linus"
"Annie Blue",0.503,0.935,8,-7.693,0,0.0368,0.0606,0.831,0.134,0.626,179.988,"audio_features","2CL9DIH08V6ZrpsmDMcZxM","spotify:track:2CL9DIH08V6ZrpsmDMcZxM","https://api.spotify.com/v1/tracks/2CL9DIH08V6ZrpsmDMcZxM","https://api.spotify.com/v1/audio-analysis/2CL9DIH08V6ZrpsmDMcZxM",196328,4,"linus"
"Time to Try Again",0.575,0.498,2,-15.088,1,0.0297,0.739,0.951,0.239,0.957,129.762,"audio_features","6oQ3oerNYk7CD9pJSfjHoa","spotify:track:6oQ3oerNYk7CD9pJSfjHoa","https://api.spotify.com/v1/tracks/6oQ3oerNYk7CD9pJSfjHoa","https://api.spotify.com/v1/audio-analysis/6oQ3oerNYk7CD9pJSfjHoa",109846,4,"linus"
"4 U",0.373,0.597,1,-12.088,0,0.0477,0.0514,0.829,0.459,0.828,188.719,"audio_features","7JjphsHsdECj3Y3oPpvchf","spotify:track:7JjphsHsdECj3Y3oPpvchf","https://api.spotify.com/v1/tracks/7JjphsHsdECj3Y3oPpvchf","https://api.spotify.com/v1/audio-analysis/7JjphsHsdECj3Y3oPpvchf",101062,3,"linus"
"Problems III",0.332,0.731,0,-4.565,1,0.0446,0.0489,0.00347,0.178,0.636,90.028,"audio_features","7wmYgsLNRB9EpqpvR3hkvN","spotify:track:7wmYgsLNRB9EpqpvR3hkvN","https://api.spotify.com/v1/tracks/7wmYgsLNRB9EpqpvR3hkvN","https://api.spotify.com/v1/audio-analysis/7wmYgsLNRB9EpqpvR3hkvN",214106,4,"linus"
"Friend of Nothing - Acoustic",0.607,0.828,4,-6.976,1,0.04,0.00439,0.00193,0.0809,0.786,173.089,"audio_features","2cP28XxCdRmCX9Cb57TicS","spotify:track:2cP28XxCdRmCX9Cb57TicS","https://api.spotify.com/v1/tracks/2cP28XxCdRmCX9Cb57TicS","https://api.spotify.com/v1/audio-analysis/2cP28XxCdRmCX9Cb57TicS",221557,4,"linus"
"First Wave",0.47,0.244,7,-15.393,0,0.0345,0.963,0.8,0.177,0.356,83.771,"audio_features","75FOG7M3N8Vnbo2O4axbQ9","spotify:track:75FOG7M3N8Vnbo2O4axbQ9","https://api.spotify.com/v1/tracks/75FOG7M3N8Vnbo2O4axbQ9","https://api.spotify.com/v1/audio-analysis/75FOG7M3N8Vnbo2O4axbQ9",76027,4,"linus"
"Fine Madeline",0.683,0.696,6,-5.72,0,0.0326,0.12,0.547,0.321,0.972,126.318,"audio_features","2khjSwh01eCWBstZo9rDGn","spotify:track:2khjSwh01eCWBstZo9rDGn","https://api.spotify.com/v1/tracks/2khjSwh01eCWBstZo9rDGn","https://api.spotify.com/v1/audio-analysis/2khjSwh01eCWBstZo9rDGn",139749,3,"linus"
"My World",0.553,0.839,0,-8.365,1,0.0733,0.324,0.896,0.338,0.712,120.393,"audio_features","3sqYJbSgYGAVw4eJyAb5dz","spotify:track:3sqYJbSgYGAVw4eJyAb5dz","https://api.spotify.com/v1/tracks/3sqYJbSgYGAVw4eJyAb5dz","https://api.spotify.com/v1/audio-analysis/3sqYJbSgYGAVw4eJyAb5dz",157806,4,"linus"
"Blue Honey",0.44,0.579,6,-13.841,0,0.0555,0.0263,0.0157,0.345,0.503,159.921,"audio_features","5KJHWZqPKnhrVq7t5kGviH","spotify:track:5KJHWZqPKnhrVq7t5kGviH","https://api.spotify.com/v1/tracks/5KJHWZqPKnhrVq7t5kGviH","https://api.spotify.com/v1/audio-analysis/5KJHWZqPKnhrVq7t5kGviH",154960,4,"linus"
"Heartbeat",0.506,0.925,2,-4.897,1,0.0447,0.288,0.898,0.0948,0.645,122.375,"audio_features","35OuDiXFDMJM4Xh5YIeZsx","spotify:track:35OuDiXFDMJM4Xh5YIeZsx","https://api.spotify.com/v1/tracks/35OuDiXFDMJM4Xh5YIeZsx","https://api.spotify.com/v1/audio-analysis/35OuDiXFDMJM4Xh5YIeZsx",156247,4,"linus"
"Post Modern Fade",0.852,0.451,2,-12.818,1,0.0463,0.41,0.0279,0.109,0.965,119.965,"audio_features","0dvaooNkLN3AMthU4VCWgK","spotify:track:0dvaooNkLN3AMthU4VCWgK","https://api.spotify.com/v1/tracks/0dvaooNkLN3AMthU4VCWgK","https://api.spotify.com/v1/audio-analysis/0dvaooNkLN3AMthU4VCWgK",103937,4,"linus"
"Montana Girl",0.437,0.757,7,-5.478,1,0.0385,0.146,0.782,0.933,0.381,141.505,"audio_features","50DqDQWgydh37Oz1jRcyhb","spotify:track:50DqDQWgydh37Oz1jRcyhb","https://api.spotify.com/v1/tracks/50DqDQWgydh37Oz1jRcyhb","https://api.spotify.com/v1/audio-analysis/50DqDQWgydh37Oz1jRcyhb",154503,4,"linus"
"City Lights",0.554,0.849,7,-6.936,1,0.0309,0.13,0.11,0.263,0.924,159.966,"audio_features","3zRL8CGYNjs2dJ1YJEAacG","spotify:track:3zRL8CGYNjs2dJ1YJEAacG","https://api.spotify.com/v1/tracks/3zRL8CGYNjs2dJ1YJEAacG","https://api.spotify.com/v1/audio-analysis/3zRL8CGYNjs2dJ1YJEAacG",164680,4,"linus"
"Jen",0.207,0.575,6,-11.349,1,0.0393,0.135,0.967,0.652,0.41,61.855,"audio_features","0kpvrk6CVRe1pn7g9vZEGq","spotify:track:0kpvrk6CVRe1pn7g9vZEGq","https://api.spotify.com/v1/tracks/0kpvrk6CVRe1pn7g9vZEGq","https://api.spotify.com/v1/audio-analysis/0kpvrk6CVRe1pn7g9vZEGq",74832,4,"linus"
"Rainbow Wine",0.32,0.876,11,-6.671,0,0.0387,0.00771,0.875,0.194,0.844,175.999,"audio_features","5sKRBFkzNUXSdSPFCIj0bO","spotify:track:5sKRBFkzNUXSdSPFCIj0bO","https://api.spotify.com/v1/tracks/5sKRBFkzNUXSdSPFCIj0bO","https://api.spotify.com/v1/audio-analysis/5sKRBFkzNUXSdSPFCIj0bO",103907,4,"linus"
"Flowers",0.371,0.582,9,-7.372,1,0.0272,0.0835,0.00547,0.0794,0.488,145.562,"audio_features","2v4trjSm7PdPn2IWWuuqJF","spotify:track:2v4trjSm7PdPn2IWWuuqJF","https://api.spotify.com/v1/tracks/2v4trjSm7PdPn2IWWuuqJF","https://api.spotify.com/v1/audio-analysis/2v4trjSm7PdPn2IWWuuqJF",128839,4,"linus"
"Bad Blood (feat. Kendrick Lamar) (Taylor's Version)",0.602,0.648,2,-6.905,1,0.103,0.0104,0,0.217,0.174,170.091,"audio_features","6qAcApH8obo8eqatCKUHd9","spotify:track:6qAcApH8obo8eqatCKUHd9","https://api.spotify.com/v1/tracks/6qAcApH8obo8eqatCKUHd9","https://api.spotify.com/v1/audio-analysis/6qAcApH8obo8eqatCKUHd9",199773,4,"linus"
"The Background",0.412,0.728,11,-7.272,1,0.105,0.0339,2.87e-06,0.21,0.373,79.862,"audio_features","6YuOTk5Atc0sbfk2c7tqoP","spotify:track:6YuOTk5Atc0sbfk2c7tqoP","https://api.spotify.com/v1/tracks/6YuOTk5Atc0sbfk2c7tqoP","https://api.spotify.com/v1/audio-analysis/6YuOTk5Atc0sbfk2c7tqoP",219198,4,"linus"
"Metamodernity",0.823,0.544,5,-10.077,1,0.0358,0.389,0.165,0.108,0.826,121.968,"audio_features","4RGWHfQeJftd5XrP8JUgFj","spotify:track:4RGWHfQeJftd5XrP8JUgFj","https://api.spotify.com/v1/tracks/4RGWHfQeJftd5XrP8JUgFj","https://api.spotify.com/v1/audio-analysis/4RGWHfQeJftd5XrP8JUgFj",162663,4,"linus"
"Midnight Surf",0.155,0.862,0,-5.317,1,0.0683,0.0361,0.000614,0.263,0.219,77.239,"audio_features","1cHWcR8wg93s6BkQMbWAMY","spotify:track:1cHWcR8wg93s6BkQMbWAMY","https://api.spotify.com/v1/tracks/1cHWcR8wg93s6BkQMbWAMY","https://api.spotify.com/v1/audio-analysis/1cHWcR8wg93s6BkQMbWAMY",271547,4,"linus"
"Bury Us Alive",0.537,0.821,3,-6.214,1,0.0323,4.78e-05,0.0496,0.251,0.394,120.038,"audio_features","53vBLnXiEDNYMe4nHE7w91","spotify:track:53vBLnXiEDNYMe4nHE7w91","https://api.spotify.com/v1/tracks/53vBLnXiEDNYMe4nHE7w91","https://api.spotify.com/v1/audio-analysis/53vBLnXiEDNYMe4nHE7w91",190360,4,"linus"
"Killer Whale",0.623,0.617,2,-9.317,1,0.0344,0.249,0.931,0.106,0.181,91.949,"audio_features","3Q8nl0khWJzLiNSbj7pshd","spotify:track:3Q8nl0khWJzLiNSbj7pshd","https://api.spotify.com/v1/tracks/3Q8nl0khWJzLiNSbj7pshd","https://api.spotify.com/v1/audio-analysis/3Q8nl0khWJzLiNSbj7pshd",147940,4,"linus"
"All the Time",0.376,0.943,6,-8.265,0,0.0473,0.0373,0.000154,0.0893,0.961,169.079,"audio_features","0agXg1jXUanZcTn2JWGBsa","spotify:track:0agXg1jXUanZcTn2JWGBsa","https://api.spotify.com/v1/tracks/0agXg1jXUanZcTn2JWGBsa","https://api.spotify.com/v1/audio-analysis/0agXg1jXUanZcTn2JWGBsa",140356,4,"linus"
"Peach Trees",0.501,0.899,9,-9.117,1,0.0932,0.236,9.01e-05,0.351,0.596,167.267,"audio_features","2hiEGsafGTYbc5UYuU3WN6","spotify:track:2hiEGsafGTYbc5UYuU3WN6","https://api.spotify.com/v1/tracks/2hiEGsafGTYbc5UYuU3WN6","https://api.spotify.com/v1/audio-analysis/2hiEGsafGTYbc5UYuU3WN6",110675,4,"linus"
"Northern Attitude (with Hozier)",0.489,0.65,3,-8.024,1,0.055,0.131,6.93e-05,0.106,0.273,121.92,"audio_features","3BqvSMpXIXHuLUFQgXL4K5","spotify:track:3BqvSMpXIXHuLUFQgXL4K5","https://api.spotify.com/v1/tracks/3BqvSMpXIXHuLUFQgXL4K5","https://api.spotify.com/v1/audio-analysis/3BqvSMpXIXHuLUFQgXL4K5",267256,4,"linus"
"Silk Chiffon",0.622,0.739,8,-6.219,1,0.0441,0.0156,0,0.111,0.435,97.017,"audio_features","5ECxiK4Vigo1yRRmAoZc1f","spotify:track:5ECxiK4Vigo1yRRmAoZc1f","https://api.spotify.com/v1/tracks/5ECxiK4Vigo1yRRmAoZc1f","https://api.spotify.com/v1/audio-analysis/5ECxiK4Vigo1yRRmAoZc1f",206587,4,"linus"
"Another Late Night (feat. Lil Yachty)",0.684,0.541,5,-8.04,0,0.0483,0.0347,0,0.138,0.214,158.046,"audio_features","17IBDpAl3J39swaoPlfGpp","spotify:track:17IBDpAl3J39swaoPlfGpp","https://api.spotify.com/v1/tracks/17IBDpAl3J39swaoPlfGpp","https://api.spotify.com/v1/audio-analysis/17IBDpAl3J39swaoPlfGpp",170415,4,"linus"
